{"accuracy_ci_ne": 0.6923601637107776, "accuracy_ci_term": 0.7761126248864668}