{"accuracy_ci_ne": 0.018417462482946793, "accuracy_ci_term": 0.011807447774750226}