{"accuracy_ci_ne": 0.6623931623931624, "accuracy_ci_term": 0.731404958677686}