{"accuracy_ci_ne": 0.742979242979243, "accuracy_ci_term": 0.8193087903831705}