{"accuracy_ci_ne": 0.09481582537517053, "accuracy_ci_term": 0.08991825613079019}