{"accuracy_ci_ne": 0.5859481582537517, "accuracy_ci_term": 0.7016348773841962}