{"accuracy_ci_ne": 0.6834924965893588, "accuracy_ci_term": 0.7797456857402362}