{"accuracy_ci_ne": 0.1088348271446863, "accuracy_ci_term": 0.12792670512385476}