{"accuracy_ci_ne": 0.6203585147247119, "accuracy_ci_term": 0.7343060739735324}