{"accuracy_ci_ne": 0.6145975443383356, "accuracy_ci_term": 0.6571298819255222}