{"accuracy_ci_ne": 0.48090040927694405, "accuracy_ci_term": 0.5735694822888283}