{"accuracy_ci_ne": 0.4896214896214896, "accuracy_ci_term": 0.7103681442524418}