{"accuracy_ci_ne": 0.6953601953601953, "accuracy_ci_term": 0.7663410969196093}