{"accuracy_ci_ne": 0.7016645326504481, "accuracy_ci_term": 0.827281981676281}