{"accuracy_ci_ne": 0.4654289372599232, "accuracy_ci_term": 0.5575161180861894}