{"accuracy_ci_ne": 0.09706959706959707, "accuracy_ci_term": 0.11119459053343352}