{"accuracy_ci_ne": 0.057387057387057384, "accuracy_ci_term": 0.07062359128474831}