{"accuracy_ci_ne": 0.08386683738796415, "accuracy_ci_term": 0.09704784526637258}