{"accuracy_ci_ne": 0.7606837606837606, "accuracy_ci_term": 0.8148009015777611}