{"accuracy_ci_ne": 0.4667093469910371, "accuracy_ci_term": 0.6749236511706821}